노선명,정류장 일련번호,정류장 ID,정류장 이름,승차자,하차자,탑승자,승차/버스,하차/버스,탑승/버스,/하루,/버스운행,/버스정류장
145,1,73053,한성운수종점,491,21,470,0.1436,0.0061,0.1374,24036.6,632.5,245.3
145,2,7939,북부수도사업소,25965,345,26090,7.5921,0.1009,7.6287,,,
145,3,8003169,강북보건소,6418,698,31810,1.8766,0.2041,9.3012,,,
145,4,8042,번동주공4단지앞,2592,406,33996,0.7579,0.1187,9.9404,,,
145,5,8107,번동주공3단지,8722,482,42236,2.5503,0.1409,12.3497,,,
145,6,8247,번동주공1단지,4649,1690,45195,1.3594,0.4942,13.2149,,,
145,7,8002329,월계2교.참누리아파트,6886,3752,48329,2.0135,1.0971,14.1313,,,
145,8,8389,광운초교,7261,4131,51459,2.1231,1.2079,15.0465,,,
145,9,10870,장위3동주민센터,6665,4102,54022,1.9488,1.1994,15.7959,,,
145,10,10925,장삼주유소,2523,2028,54517,0.7377,0.593,15.9406,,,
145,11,10976,장위사거리,4878,2646,56749,1.4263,0.7737,16.5933,,,
145,12,11042,석관고등학교,4273,2719,58303,1.2494,0.795,17.0477,,,
145,13,11078,석관동코오롱아파트앞,5425,2098,61630,1.5863,0.6135,18.0205,,,
145,14,8001369,한천로쌍용아파트앞,10476,3751,68355,3.0632,1.0968,19.9868,,,
145,15,11135,이문동삼익아파트,5739,2666,71428,1.6781,0.7795,20.8854,,,
145,16,73182,동일스위트리버.휘봉고교,4080,4960,70548,1.193,1.4503,20.6281,,,
145,17,11105,서울보호관찰소.동성빌라,3550,3950,70148,1.038,1.155,20.5111,,,
145,18,11137,휘경여중고,11813,5603,76358,3.4541,1.6383,22.3269,,,
145,19,73185,배봉산입구,4011,5138,75231,1.1728,1.5023,21.9974,,,
145,20,74668,전곡시장,13365,6727,81869,3.9079,1.967,23.9383,,,
145,21,74669,답십리촬영소,14977,4880,91966,4.3792,1.4269,26.8906,,,
145,22,8501506,동답초교.대림아파트앞,7649,4648,94967,2.2365,1.3591,27.7681,,,
145,23,8002188,동답한신.동아아파트,19317,5158,109126,5.6482,1.5082,31.9082,,,
145,24,8002189,동아.위더스빌아파트,13163,6013,116276,3.8488,1.7582,33.9988,,,
145,25,13691,고미술상가,4103,19728,100651,1.1997,5.7684,29.4301,,,
145,26,72148,답십리역.동부시장,9993,38042,72602,2.9219,11.1234,21.2287,,,
145,27,8220,신답역,6502,5066,74038,1.9012,1.4813,21.6485,,,
145,28,72149,동대문구청앞,1696,6865,68869,0.4959,2.0073,20.1371,,,
145,29,72150,마장축산물시장,8461,4857,72473,2.474,1.4202,21.1909,,,
145,30,72151,도선사거리,3073,6743,68803,0.8985,1.9716,20.1178,,,
145,31,8001322,성동구청,6094,7687,67210,1.7819,2.2477,19.652,,,
145,32,72360,무학여고,11774,9526,69458,3.4427,2.7854,20.3094,,,
145,33,75127,신동아아파트입구,6946,1241,75163,2.031,0.3629,21.9775,,,
145,34,75128,뚝섬서울숲,3298,2585,75876,0.9643,0.7558,22.186,,,
145,35,7944,압구정파출소,4991,17916,62951,1.4594,5.2386,18.4067,,,
145,36,72928,한양아파트.압구정로데오역,10527,9134,64344,3.0781,2.6708,18.814,,,
145,37,72929,일지아트홀,17165,5752,75757,5.019,1.6819,22.1512,,,
145,38,71098,씨네시티앞,20828,4615,91970,6.0901,1.3494,26.8918,,,
145,39,8501260,도산공원사거리,12776,4148,100598,3.7357,1.2129,29.4146,,,
145,40,71099,신사동교회,13888,4291,110195,4.0608,1.2547,32.2208,,,
145,41,7773,신사동고개,8903,6782,112316,2.6032,1.983,32.8409,,,
145,42,7700,신사사거리.가로수길,15296,17422,110190,4.4725,5.0942,32.2193,,,
145,43,70120,신사역,8493,12221,106462,2.4833,3.5734,31.1292,,,
145,44,70121,논현역,4213,20251,90424,1.2319,5.9213,26.4398,,,
145,45,8001380,신논현역,2864,44045,49243,0.8374,12.8787,14.3985,,,
145,46,12857,강남역,4328,22346,31225,1.2655,6.5339,9.1301,,,
145,47,72578,수협서초지점,2205,5827,27603,0.6447,1.7038,8.0711,,,
145,48,72579,구립서초어린이도서관,3165,2741,28027,0.9254,0.8015,8.195,,,
145,49,7786,서초동우성2차아파트,4386,2570,29843,1.2825,0.7515,8.726,,,
145,50,7758,롯데칠성,4814,581,34076,1.4076,0.1699,9.9637,,,
145,51,8003138,신논현역,58139,2033,90182,16.9997,0.5944,26.369,,,
145,52,70141,논현역,17396,3663,103915,5.0865,1.0711,30.3845,,,
145,53,70142,신사역,6944,7668,103191,2.0304,2.2421,30.1728,,,
145,54,7666,신사동사거리.신사역,9254,6648,105797,2.7058,1.9439,30.9348,,,
145,55,7695,신사역사거리,19783,9423,116157,5.7845,2.7553,33.964,,,
145,56,7778,신사동고개,3570,12154,107573,1.0439,3.5538,31.4541,,,
145,57,7850,언북중학교입구,4212,13786,97999,1.2316,4.031,28.6547,,,
145,58,70493,제일은행,4438,16168,86269,1.2977,4.7275,25.2249,,,
145,59,72910,일지아트홀.압구정동노인복지센터,11415,15449,82235,3.3377,4.5173,24.0453,,,
145,60,72911,한양아파트.압구정로데오역,14689,9830,87094,4.295,2.8743,25.4661,,,
145,61,7960,압구정파출소,6169,2571,90692,1.8038,0.7518,26.5181,,,
145,62,75136,성수대교남단.현대아파트,6150,2373,94469,1.7982,0.6939,27.6225,,,
145,63,75137,뚝섬서울숲,2144,2776,93837,0.6269,0.8117,27.4377,,,
145,64,72386,응봉삼거리,5330,10905,88262,1.5585,3.1886,25.8076,,,
145,65,72387,무학여고앞,8704,6747,90219,2.545,1.9728,26.3798,,,
145,66,8000507,성동구청,17983,7287,100915,5.2582,2.1307,29.5073,,,
145,67,72166,도선사거리,3362,5277,99000,0.983,1.543,28.9474,,,
145,68,72167,마장축산물시장,7891,4948,101943,2.3073,1.4468,29.8079,,,
145,69,72168,동대문구청앞,6398,9906,98435,1.8708,2.8965,28.7822,,,
145,70,13002,신답역,7442,8246,97631,2.176,2.4111,28.5471,,,
145,71,8001680,용답동동부시장.답십리역,34423,12304,119750,10.0652,3.5977,35.0146,,,
145,72,14823,도시철도공사,2000,3642,118108,0.5848,1.0649,34.5345,,,
145,73,10908,하나은행장안동지점,4458,6065,116501,1.3035,1.7734,34.0646,,,
145,74,73031,동아.위더스빌아파트,9176,14396,111281,2.683,4.2094,32.5383,,,
145,75,11041,동답한신아파트후문,7420,12326,106375,2.1696,3.6041,31.1038,,,
145,76,11076,풍안시장.동답초교,3200,7093,102482,0.9357,2.074,29.9655,,,
145,77,11093,답신리촬영소,5759,11585,96656,1.6839,3.3874,28.262,,,
145,78,73035,전곡시장,4152,7070,93738,1.214,2.0673,27.4088,,,
145,79,73036,장안동현대아파트,4928,6812,91854,1.4409,1.9918,26.8579,,,
145,80,11145,휘경여중고.휘경주공아파트,5053,6826,90081,1.4775,1.9959,26.3395,,,
145,81,11121,서울보호관찰소.동성빌라,1793,2523,89351,0.5243,0.7377,26.126,,,
145,82,73039,동일스위트리버.휘봉고교,2006,1873,89484,0.5865,0.5477,26.1649,,,
145,83,11144,휘경유수지견인차고지앞,1005,2467,88022,0.2939,0.7213,25.7374,,,
145,84,11141,이문동삼익아파트,2424,6422,84024,0.7088,1.8778,24.5684,,,
145,85,8001370,한천로쌍용아파트앞,2225,6199,80050,0.6506,1.8126,23.4064,,,
145,86,13737,석관동코오롱아파트,1529,4956,76623,0.4471,1.4491,22.4044,,,
145,87,11056,석관고등학교,2140,3156,75607,0.6257,0.9228,22.1073,,,
145,88,10996,장위사거리,1348,5294,71661,0.3942,1.548,20.9535,,,
145,89,10941,장삼주유소,1539,3897,69303,0.45,1.1395,20.264,,,
145,90,10881,장위3동주민센터,2062,4833,66532,0.6029,1.4132,19.4538,,,
145,91,8409,광운초교,2738,6558,62712,0.8006,1.9175,18.3368,,,
145,92,8303,월계2교,1553,5297,58968,0.4541,1.5488,17.2421,,,
145,93,8231,번동주공1단지앞,493,4024,55437,0.1442,1.1766,16.2096,,,
145,94,8135,번동주공3단지,274,3697,52014,0.0801,1.081,15.2088,,,
145,95,73051,초안교,132,4607,47539,0.0386,1.3471,13.9003,,,
145,96,12951,강북보건소,130,5222,42447,0.038,1.5269,12.4114,,,
145,97,8002328,한성운수차고지,54,9035,33466,0.0158,2.6418,9.7854,,,
145,98,8001681,한성운수종점,0,10,33456,0,0.0029,9.7825,,,
262,1,32571,중랑공영차고지,542,248,294,0.1485,0.0679,0.0805,25040.9,863.5,176.3
262,2,32671,중랑공영차고지입구,798,10,1082,0.2186,0.0027,0.2964,,,
262,3,8501060,신내차량사업소입구,947,61,1968,0.2595,0.0167,0.5392,,,
262,4,32631,동서울교회앞,753,79,2642,0.2063,0.0216,0.7238,,,
262,5,8001670,양원리,2412,424,4630,0.6608,0.1162,1.2685,,,
262,6,8001831,양원역입구,6620,732,10518,1.8137,0.2005,2.8816,,,
262,7,70053,경남아파트.북부노인병원,3538,440,13616,0.9693,0.1205,3.7304,,,
262,8,70054,금호어울림아파트,6630,428,19818,1.8164,0.1173,5.4296,,,
262,9,15850,망우동고개,6014,1063,24769,1.6477,0.2912,6.786,,,
262,10,8003108,금란교회,15705,1278,39196,4.3027,0.3501,10.7386,,,
262,11,8003106,우림시장.망우사거리,10311,3412,46095,2.8249,0.9348,12.6288,,,
262,12,8003104,망우역.망우지구대,10222,2241,54076,2.8005,0.614,14.8153,,,
262,13,70061,망우역.상봉터미널,7475,3286,58265,2.0479,0.9003,15.963,,,
262,14,71218,지하철7호선상봉역,8210,17000,49475,2.2493,4.6575,13.5548,,,
262,15,11578,면목초등학교,2081,4834,46722,0.5701,1.3244,12.8005,,,
262,16,71220,지하철7호선면목역,9085,6855,48952,2.489,1.8781,13.4115,,,
262,17,11595,면목1동주민센터,4804,3275,50481,1.3162,0.8973,13.8304,,,
262,18,11605,면동초등학교,4956,3536,51901,1.3578,0.9688,14.2195,,,
262,19,11611,면목우체국.녹색병원,3329,5414,49816,0.9121,1.4833,13.6482,,,
262,20,71224,지하철7호선사가정역,11936,5327,56425,3.2701,1.4595,15.4589,,,
262,21,72135,사가정역,17015,2051,71389,4.6616,0.5619,19.5586,,,
262,22,72136,면목두산아파트2차,4513,2369,73533,1.2364,0.649,20.146,,,
262,23,11475,면목두산아파트4.5단지,6392,2681,77244,1.7512,0.7345,21.1627,,,
262,24,11449,면목소방파출소,15541,13302,79483,4.2578,3.6444,21.7762,,,
262,25,11293,국민은행장안동지점,20576,25337,74722,5.6373,6.9416,20.4718,,,
262,26,75486,장안사거리,8812,7060,76474,2.4142,1.9342,20.9518,,,
262,27,75487,장안지구대,6377,4820,78031,1.7471,1.3205,21.3784,,,
262,28,75488,촬영소사거리.세양청마루아파트앞,7668,3475,82224,2.1008,0.9521,22.5271,,,
262,29,10970,답십리2동한양아파트앞,2033,3472,80785,0.557,0.9512,22.1329,,,
262,30,75490,한양아파트.청솔우성아파트후문,2685,3449,80021,0.7356,0.9449,21.9236,,,
262,31,8001834,청솔우성아파트.답십리종합상가,7723,4382,83362,2.1159,1.2005,22.8389,,,
262,32,10895,전농우체국앞,7731,4301,86792,2.1181,1.1784,23.7786,,,
262,33,10835,SK주유소,4484,1946,89330,1.2285,0.5332,24.474,,,
262,34,75158,동대문중학교,2487,1926,89891,0.6814,0.5277,24.6277,,,
262,35,75513,한성실업,6496,3603,92784,1.7797,0.9871,25.4203,,,
262,36,75514,전농시장앞,6813,5986,93611,1.8666,1.64,25.6468,,,
262,37,8102,성바오르병원앞,1975,14564,81022,0.5411,3.9901,22.1978,,,
262,38,70069,청량리청과물도매시장,5594,6962,79654,1.5326,1.9074,21.823,,,
262,39,7934,제기역약령시장,4163,5702,78115,1.1405,1.5622,21.4014,,,
262,40,70071,용두동.한국의류시험연구원,2637,2739,78013,0.7225,0.7504,21.3734,,,
262,41,7769,신설동역,2189,5811,74391,0.5997,1.5921,20.3811,,,
262,42,8000821,동묘앞,3997,7319,71069,1.0951,2.0052,19.471,,,
262,43,9100,흥인지문,4939,7903,68105,1.3532,2.1652,18.6589,,,
262,44,9011,종로6가,5294,6677,66722,1.4504,1.8293,18.28,,,
262,45,8002153,종로5가,5939,4452,68209,1.6271,1.2197,18.6874,,,
262,46,8001157,종로4가,3503,5906,65806,0.9597,1.6181,18.029,,,
262,47,8002486,종로3가,7129,8339,64596,1.9532,2.2847,17.6975,,,
262,48,73634,종로2가,7873,8578,63891,2.157,2.3501,17.5044,,,
262,49,8809,롯데백화점,12455,19230,57116,3.4123,5.2685,15.6482,,,
262,50,71308,북창동.남대문시장,6072,10708,52480,1.6636,2.9337,14.3781,,,
262,51,72451,염천교,2555,3373,51662,0.7,0.9241,14.154,,,
262,52,8625,서울역서부,3962,3820,51804,1.0855,1.0466,14.1929,,,
262,53,8501499,서울역공항철도(4번출구).국립극단,4980,2716,54068,1.3644,0.7441,14.8132,,,
262,54,8626,서계동,2009,2942,53135,0.5504,0.806,14.5575,,,
262,55,13093,청파동,4756,5962,51929,1.303,1.6334,14.2271,,,
262,56,8645,숙대입구역.청파동주민센터,5497,8253,49173,1.506,2.2611,13.4721,,,
262,57,73862,용산경찰서,2648,5352,46469,0.7255,1.4663,12.7312,,,
262,58,8603,원효로우체국,2337,4767,44039,0.6403,1.306,12.0655,,,
262,59,73864,원효로2가,2154,5413,40780,0.5901,1.483,11.1726,,,
262,60,74990,원효로3가,2163,4820,38123,0.5926,1.3205,10.4447,,,
262,61,8461,원효풍전아파트,1323,4643,34803,0.3625,1.2721,9.5351,,,
262,62,10061,원효산호아파트,3627,4729,33701,0.9937,1.2956,9.2332,,,
262,63,8000366,청암동강변삼성아파트,1861,1166,34396,0.5099,0.3195,9.4236,,,
262,64,72795,여의도공원앞,847,6342,28901,0.2321,1.7375,7.9181,,,
262,65,9767,여의나루역,1563,3441,27023,0.4282,0.9427,7.4036,,,
262,66,9855,여의도중학교앞,353,1196,26180,0.0967,0.3277,7.1726,,,
262,67,74991,시범아파트.대교아파트,3523,2089,27614,0.9652,0.5723,7.5655,,,
262,68,74604,KBS별관,3528,2142,29000,0.9666,0.5868,7.9452,,,
262,69,9671,지적공사,1422,3229,27193,0.3896,0.8847,7.4501,,,
262,70,9621,여의도역,4198,5904,25487,1.1501,1.6175,6.9827,,,
262,71,8002148,국회의사당역.국민은행,1642,3205,23924,0.4499,0.8781,6.5545,,,
262,72,8002663,국회의사당역,2448,1451,24921,0.6707,0.3975,6.8277,,,
262,73,74992,KBS,1893,1445,25369,0.5186,0.3959,6.9504,,,
262,74,9485,전경련회관,5800,1244,29925,1.589,0.3408,8.1986,,,
262,75,72799,여의도환승센타,10433,2257,38101,2.8584,0.6184,10.4386,,,
262,76,8002156,쌍둥이빌딩,1727,656,39172,0.4732,0.1797,10.7321,,,
262,77,8000312,청암동강변삼성아파트,3009,3528,38653,0.8244,0.9666,10.5899,,,
262,78,72966,원효2동산호아파트,9098,2473,45278,2.4926,0.6775,12.4049,,,
262,79,72967,현대자동차서비스,5545,1503,49320,1.5192,0.4118,13.5123,,,
262,80,74995,원효로3가,5766,2120,52966,1.5797,0.5808,14.5112,,,
262,81,8000301,원효로2가사거리,3107,1809,54264,0.8512,0.4956,14.8668,,,
262,82,8560,남정초등학교,3355,2027,55592,0.9192,0.5553,15.2307,,,
262,83,8578,용산e편한세상,3301,2936,55957,0.9044,0.8044,15.3307,,,
262,84,73852,용산경찰서,4011,2332,57636,1.0989,0.6389,15.7907,,,
262,85,8656,남영역,4235,5565,56306,1.1603,1.5247,15.4263,,,
262,86,8654,숙대입구역.청파동주민센터,12045,6806,61545,3.3,1.8647,16.8616,,,
262,87,8642,청파동,8140,4667,65018,2.2301,1.2786,17.8132,,,
262,88,8630,서계동,2034,4671,62381,0.5573,1.2797,17.0907,,,
262,89,8632,서울역서부,2373,4581,60173,0.6501,1.2551,16.4858,,,
262,90,8001938,서울역버스환승센터,5065,6082,59156,1.3877,1.6663,16.2071,,,
262,91,71865,숭례문.남대문시장방향,5569,3484,61241,1.5258,0.9545,16.7784,,,
262,92,72410,남대문시장,15359,5807,70793,4.2079,1.591,19.3953,,,
262,93,72411,롯데영프라자,15249,7539,78503,4.1778,2.0655,21.5077,,,
262,94,72056,우리은행종로지점,4291,3183,79611,1.1756,0.8721,21.8112,,,
262,95,70025,종로2가,10496,7630,82477,2.8756,2.0904,22.5964,,,
262,96,8871,종로3가,8705,5382,85800,2.3849,1.4745,23.5068,,,
262,97,70027,종로4가,4140,4372,85568,1.1342,1.1978,23.4433,,,
262,98,70028,종로5가,5751,5973,85346,1.5756,1.6364,23.3825,,,
262,99,9015,종로6가.종로신진시장,7769,3964,89151,2.1285,1.086,24.4249,,,
262,100,8000505,동대문,9538,6162,92527,2.6132,1.6882,25.3499,,,
262,101,7670,숭인동,5631,3050,95108,1.5427,0.8356,26.057,,,
262,102,8002513,신설동역,6243,3258,98093,1.7104,0.8926,26.8748,,,
262,103,8002705,용두동로타리.한국의류시험연구원,3222,3023,98292,0.8827,0.8282,26.9293,,,
262,104,7954,제기역,6712,5704,99300,1.8389,1.5627,27.2055,,,
262,105,70035,엘림교회.대명신협앞,6988,3197,103091,1.9145,0.8759,28.2441,,,
262,106,75535,성바오르병원앞,11936,5906,109121,3.2701,1.6181,29.8962,,,
262,107,75536,전농시장앞,3485,7375,105231,0.9548,2.0205,28.8304,,,
262,108,75537,한성실업,2320,4532,103019,0.6356,1.2416,28.2244,,,
262,109,8384,동대문중학교,1925,3426,101518,0.5274,0.9386,27.8132,,,
262,110,10837,SK주유소,2731,3223,101026,0.7482,0.883,27.6784,,,
262,111,10891,전농우체국앞,4135,6718,98443,1.1329,1.8405,26.9707,,,
262,112,72144,한솔.우성아파트답십리종합상가,3071,4218,97296,0.8414,1.1556,26.6564,,,
262,113,74676,답십리2동.두산아파트,7778,3966,101108,2.131,1.0866,27.7008,,,
262,114,10969,답십리2동한양아파트앞,2086,2441,100753,0.5715,0.6688,27.6036,,,
262,115,75495,동답한신.대림아파트.동대문체육,1995,3319,99429,0.5466,0.9093,27.2408,,,
262,116,74678,동답한신.대림아파트동대문체육관,3364,7831,94962,0.9216,2.1455,26.017,,,
262,117,75496,장안지구대,10669,12941,92690,2.923,3.5455,25.3945,,,
262,118,11303,국민은행장안동지점,28479,14521,106648,7.8025,3.9784,29.2186,,,
262,119,11461,신동아아파트,3898,11858,98688,1.0679,3.2488,27.0378,,,
262,120,8001504,경남아너스빌아파트앞,5096,4328,99456,1.3962,1.1858,27.2482,,,
262,121,11488,면목두산아파트4.5단지,5436,4243,100649,1.4893,1.1625,27.5751,,,
262,122,11535,면목두산아파트2차,2307,12267,90689,0.6321,3.3608,24.8463,,,
262,123,72180,사가정역,3803,19576,74916,1.0419,5.3633,20.5249,,,
262,124,11614,면목우체국.녹색병원,8222,4155,78983,2.2526,1.1384,21.6392,,,
262,125,11610,면동초등학교,4090,3906,79167,1.1205,1.0701,21.6896,,,
262,126,11599,면목1동주민센터,3428,4471,78124,0.9392,1.2249,21.4038,,,
262,127,71187,지하철7호선면목역,11837,6779,83182,3.243,1.8573,22.7896,,,
262,128,11581,면목초등학교앞,1821,3732,81271,0.4989,1.0225,22.266,,,
262,129,11566,지하철7호선상봉역,11688,4939,88020,3.2022,1.3532,24.1151,,,
262,130,72181,지하철7호선상봉역,7313,7933,87400,2.0036,2.1734,23.9452,,,
262,131,70043,망우역.상봉터미널,2194,8828,80766,0.6011,2.4186,22.1277,,,
262,132,8003103,망우역.망우지구대,3147,8634,75279,0.8622,2.3655,20.6244,,,
262,133,8003105,우림시장.망우사거리,4512,13965,65826,1.2362,3.826,18.0345,,,
262,134,8003107,금란교회,1662,9491,57997,0.4553,2.6003,15.8896,,,
262,135,8001833,망우동고개,1160,8890,50267,0.3178,2.4356,13.7718,,,
262,136,32666,금호어울림아파트,672,5286,45653,0.1841,1.4482,12.5077,,,
262,137,8001832,서울특별시북부병원,396,5257,40792,0.1085,1.4403,11.1759,,,
262,138,8001836,양원역입구,829,4540,37081,0.2271,1.2438,10.1592,,,
262,139,8001671,양원리,170,1216,36035,0.0466,0.3332,9.8726,,,
262,140,32670,동서울교회앞,72,766,35341,0.0197,0.2099,9.6825,,,
262,141,32572,중랑공영차고지입구,31,1713,33659,0.0085,0.4693,9.2216,,,
262,142,72187,중랑공영차고지,0,183,33476,0,0.0501,9.1715,,,
1218,1,73053,한성운수종점,290,664,-374,0.1122,0.257,-0.1448,10259.7,570.0,125.1
1218,2,7939,북부수도사업소,17520,227,16919,6.781,0.0879,6.5484,,,
1218,3,8003169,강북보건소,3195,486,19628,1.2366,0.1881,7.5969,,,
1218,4,8042,번동주공4단지앞,1128,209,20547,0.4366,0.0809,7.9526,,,
1218,5,8107,번동주공3단지,3855,290,24112,1.4921,0.1122,9.3324,,,
1218,6,8247,번동주공1단지,2279,851,25540,0.8821,0.3294,9.8851,,,
1218,7,8002329,월계2교.참누리아파트,3761,2214,27087,1.4557,0.8569,10.4838,,,
1218,8,8389,광운초교,4085,2436,28736,1.5811,0.9428,11.1221,,,
1218,9,10870,장위3동주민센터,3543,2602,29677,1.3713,1.0071,11.4863,,,
1218,10,10925,장삼주유소,1373,1208,29842,0.5314,0.4675,11.5501,,,
1218,11,10976,장위사거리,2864,1574,31132,1.1085,0.6092,12.0494,,,
1218,12,11042,석관고등학교,2230,1514,31848,0.8631,0.586,12.3265,,,
1218,13,11078,석관동코오롱아파트앞,2923,1285,33486,1.1313,0.4974,12.9605,,,
1218,14,8001369,한천로쌍용아파트앞,6148,2301,37333,2.3795,0.8906,14.4495,,,
1218,15,11135,이문동삼익아파트,3014,1593,38754,1.1665,0.6166,14.9995,,,
1218,16,73182,동일스위트리버.휘봉고교,2075,3201,37628,0.8031,1.2389,14.5637,,,
1218,17,11105,서울보호관찰소.동성빌라,1266,2232,36662,0.49,0.8639,14.1898,,,
1218,18,11137,휘경여중고,4366,3747,37281,1.6898,1.4503,14.4293,,,
1218,19,73185,배봉산입구,1307,3251,35337,0.5059,1.2583,13.6769,,,
1218,20,74668,전곡시장,3605,4420,34522,1.3953,1.7107,13.3615,,,
1218,21,74669,답십리촬영소,3262,3359,34425,1.2625,1.3001,13.324,,,
1218,22,8501506,동답초교.대림아파트앞,1556,2903,33078,0.6022,1.1236,12.8026,,,
1218,23,8002188,동답한신.동아아파트,5659,3616,35121,2.1903,1.3995,13.5933,,,
1218,24,8002189,동아.위더스빌아파트,3902,4032,34991,1.5102,1.5606,13.543,,,
1218,25,13691,고미술상가,2316,6796,30511,0.8964,2.6303,11.8091,,,
1218,26,8002509,답십리역사거리,29774,21058,39227,11.5238,8.1504,15.1825,,,
1218,27,8002190,답십리초등학교.현대시장,5597,3838,40986,2.1663,1.4855,15.8633,,,
1218,28,8002334,답십리2동시온교회앞,2328,2607,40707,0.901,1.009,15.7554,,,
1218,29,74676,답십리2동.두산아파트,5550,6541,39716,2.1481,2.5316,15.3718,,,
1218,30,10969,답십리2동한양아파트앞,1093,3075,37734,0.423,1.1902,14.6047,,,
1218,31,74678,동답한신.대림아파트동대문체육관,1028,2432,36330,0.3979,0.9413,14.0613,,,
1218,32,11093,답신리촬영소,8122,3499,40953,3.1436,1.3543,15.8506,,,
1218,33,73035,전곡시장,5387,2893,43447,2.085,1.1197,16.8159,,,
1218,34,73036,장안동현대아파트,5758,2566,46639,2.2286,0.9932,18.0513,,,
1218,35,11145,휘경여중고.휘경주공아파트,5550,2526,49663,2.1481,0.9777,19.2217,,,
1218,36,11121,서울보호관찰소.동성빌라,1883,1205,50341,0.7288,0.4664,19.4841,,,
1218,37,73039,동일스위트리버.휘봉고교,1978,889,51430,0.7656,0.3441,19.9056,,,
1218,38,11144,휘경유수지견인차고지앞,988,1427,50991,0.3824,0.5523,19.7357,,,
1218,39,11141,이문동삼익아파트,3021,3563,50449,1.1693,1.379,19.5259,,,
1218,40,8001370,한천로쌍용아파트앞,3142,3782,49809,1.2161,1.4638,19.2782,,,
1218,41,13737,석관동코오롱아파트,2018,2928,48899,0.7811,1.1333,18.926,,,
1218,42,11056,석관고등학교,2928,2015,49812,1.1333,0.7799,19.2794,,,
1218,43,10996,장위사거리,2833,3377,49268,1.0965,1.307,19.0688,,,
1218,44,10941,장삼주유소,3687,2388,50567,1.427,0.9243,19.5716,,,
1218,45,10881,장위3동주민센터,5942,2979,53530,2.2998,1.153,20.7184,,,
1218,46,8409,광운초교,8209,4152,57587,3.1772,1.607,22.2886,,,
1218,47,8303,월계2교,5138,3098,59627,1.9886,1.1991,23.0782,,,
1218,48,8231,번동주공1단지앞,1817,2404,59040,0.7033,0.9305,22.851,,,
1218,49,8135,번동주공3단지,2086,1960,59166,0.8074,0.7586,22.8998,,,
1218,50,73051,초안교,2258,2581,58843,0.8739,0.999,22.7748,,,
1218,51,12951,강북보건소,5216,2506,61553,2.0188,0.9699,23.8237,,,
1218,52,8002328,한성운수차고지,2200,2760,60993,0.8515,1.0682,23.6069,,,
1218,53,7931,북부수도사업소앞,10610,4393,67210,4.1065,1.7003,26.0132,,,
1218,54,7866,수송초등학교,3887,5879,65218,1.5044,2.2754,25.2422,,,
1218,55,7806,강북구청사거리,808,12403,53623,0.3127,4.8005,20.7544,,,
1218,56,8000541,수유역.강북구청,16596,22356,47863,6.4234,8.6527,18.525,,,
1218,57,73075,신일병원,1890,6125,43628,0.7315,2.3706,16.8859,,,
1218,58,73076,강북노인종합복지관,1342,6319,38651,0.5194,2.4457,14.9596,,,
1218,59,72272,우이초등학교,1317,4677,35291,0.5097,1.8102,13.6591,,,
1218,60,8000884,가오리수유종합사회복지관,1873,10931,26233,0.7249,4.2308,10.1533,,,
1218,61,72274,인수동장미원,1805,7103,20935,0.6986,2.7492,8.1027,,,
1218,62,72596,국립4.19묘지입구,439,2769,18605,0.1699,1.0717,7.2009,,,
1218,63,8003068,덕성여대입구,207,2728,16084,0.0801,1.0559,6.2252,,,
1218,64,8002510,서라벌중학교.우이동대우아파트,146,2895,13335,0.0565,1.1205,5.1612,,,
1218,65,72598,북서울교회,43,1141,12237,0.0166,0.4416,4.7362,,,
1218,66,72602,동아운수앞,50,791,11496,0.0194,0.3062,4.4494,,,
1218,67,72599,우이동성원아파트,31,712,10815,0.012,0.2756,4.1859,,,
1218,68,72563,우이동도선사입구,3249,2947,11117,1.2575,1.1406,4.3028,,,
1218,69,72564,우이동성원아파트,788,44,11861,0.305,0.017,4.5907,,,
1218,70,9167,진성빌라사거리,1452,75,13238,0.562,0.029,5.1237,,,
1218,71,8002511,서라벌중학교.우이동대우아파트,3030,220,16048,1.1727,0.0851,6.2113,,,
1218,72,72567,덕성여대.솔밭근린공원,3058,437,18669,1.1836,0.1691,7.2257,,,
1218,73,9165,국립4.19묘지입구,1470,786,19353,0.569,0.3042,7.4904,,,
1218,74,72237,인수동장미원,7221,1195,25379,2.7948,0.4625,9.8228,,,
1218,75,8000880,가오리수유종합사회복지관,7389,1147,31621,2.8599,0.4439,12.2387,,,
1218,76,72239,우이초등학교,5823,949,36495,2.2538,0.3673,14.1251,,,
1218,77,7643,강북노인종합복지관,4020,2378,38137,1.5559,0.9204,14.7607,,,
1218,78,73081,신일병원,2271,3577,36831,0.879,1.3845,14.2552,,,
1218,79,73133,수유역.노스페이스문화센터,9169,11739,34261,3.5488,4.5435,13.2605,,,
1218,80,7805,강북구청사거리,3846,1427,36680,1.4886,0.5523,14.1967,,,
1218,81,7858,수송초등학교,864,2245,35299,0.3344,0.8689,13.6622,,,
1218,82,8000925,한성운수종점,45,25676,9668,0.0174,9.9377,3.7419,,,
2015,1,32571,중랑공영차고지,1257,690,567,0.1871,0.1027,0.0844,18463.4,683.8,227.9
2015,2,32671,중랑공영차고지입구,1199,66,1700,0.1785,0.0098,0.2531,,,
2015,3,70871,신내교회.신내데시앙아파트,7816,242,9274,1.1635,0.036,1.3806,,,
2015,4,72130,동성프라자,13970,1092,22152,2.0796,0.1626,3.2976,,,
2015,5,72131,중랑구청사거리,18966,1817,39301,2.8233,0.2705,5.8505,,,
2015,6,8002754,성원아파트경남아너스빌,14880,1666,52515,2.2151,0.248,7.8175,,,
2015,7,72133,국민은행망우동지점,4741,6594,50662,0.7058,0.9816,7.5417,,,
2015,8,8003104,망우역.망우지구대,16498,4358,62802,2.4559,0.6487,9.3489,,,
2015,9,70061,망우역.상봉터미널,8036,4853,65985,1.1963,0.7224,9.8227,,,
2015,10,71218,지하철7호선상봉역,8926,24800,50111,1.3287,3.6918,7.4597,,,
2015,11,11578,면목초등학교,2181,5029,47263,0.3247,0.7486,7.0357,,,
2015,12,71220,지하철7호선면목역,8936,7069,49130,1.3302,1.0523,7.3136,,,
2015,13,11595,면목1동주민센터,4296,3444,49982,0.6395,0.5127,7.4405,,,
2015,14,11605,면동초등학교,4510,3816,50676,0.6714,0.5681,7.5438,,,
2015,15,11611,면목우체국.녹색병원,2466,5782,47360,0.3671,0.8607,7.0501,,,
2015,16,71224,지하철7호선사가정역,6917,4946,49331,1.0297,0.7363,7.3435,,,
2015,17,72135,사가정역,24989,1938,72382,3.7199,0.2885,10.775,,,
2015,18,72136,면목두산아파트2차,2955,3745,71592,0.4399,0.5575,10.6574,,,
2015,19,72137,면목동홈에버,8006,6378,73220,1.1918,0.9494,10.8997,,,
2015,20,72138,장안교앞,4108,10511,66817,0.6115,1.5647,9.9466,,,
2015,21,72139,장안2동주민센터,10270,11368,65719,1.5288,1.6923,9.7831,,,
2015,22,72140,배봉초등학교앞,9231,7829,67121,1.3742,1.1654,9.9918,,,
2015,23,72141,전농동SK아파트,8892,8759,67254,1.3237,1.3039,10.0116,,,
2015,24,72142,전농사거리,4631,5201,66684,0.6894,0.7742,9.9268,,,
2015,25,10891,전농우체국앞,10082,4551,72215,1.5008,0.6775,10.7501,,,
2015,26,72144,한솔.우성아파트답십리종합상가,14943,4351,82807,2.2245,0.6477,12.3269,,,
2015,27,72145,신흥교회앞,9999,3108,89698,1.4885,0.4627,13.3527,,,
2015,28,10862,답십리초등학교앞,2882,4008,88572,0.429,0.5966,13.1851,,,
2015,29,10842,황물로사거리,2193,16058,74707,0.3265,2.3904,11.1211,,,
2015,30,72148,답십리역.동부시장,6654,20704,60657,0.9905,3.0821,9.0296,,,
2015,31,8220,신답역,4281,4199,60739,0.6373,0.6251,9.0418,,,
2015,32,72149,동대문구청앞,974,7950,53763,0.145,1.1835,8.0033,,,
2015,33,72150,마장축산물시장,8040,5685,56118,1.1969,0.8463,8.3539,,,
2015,34,72151,도선사거리,3794,6601,53311,0.5648,0.9826,7.936,,,
2015,35,8001322,성동구청,3583,6720,50174,0.5334,1.0004,7.469,,,
2015,36,7880,코스모타워,7179,7944,49409,1.0687,1.1826,7.3552,,,
2015,37,72154,상왕십리역,1885,5455,45839,0.2806,0.812,6.8237,,,
2015,38,72155,도로교통공단앞,628,4679,41788,0.0935,0.6965,6.2207,,,
2015,39,7708,성동고등학교,2291,7754,36325,0.341,1.1543,5.4074,,,
2015,40,72157,신당역.중앙시장앞,2142,7461,31006,0.3189,1.1107,4.6156,,,
2015,41,72158,충무아트홀중부소방서.박정희대통령가옥,2175,6502,26679,0.3238,0.9679,3.9715,,,
2015,42,72159,동대문역사문화공원,7619,12738,21560,1.1342,1.8962,3.2095,,,
2015,43,14341,청계7가,8644,3710,26494,1.2868,0.5523,3.944,,,
2015,44,9218,성동공업고등학교.무궁화회관,6608,707,32395,0.9837,0.1052,4.8224,,,
2015,45,7654,신당역.중앙시장앞,17594,2692,47297,2.6191,0.4007,7.0408,,,
2015,46,7713,성동고등학교,6716,1526,52487,0.9998,0.2272,7.8134,,,
2015,47,72162,도로교통공단앞,2033,1486,53034,0.3026,0.2212,7.8948,,,
2015,48,72163,상왕십리역,4964,3868,54130,0.739,0.5758,8.0579,,,
2015,49,72164,왕십리2동주민센터,8712,6431,56411,1.2969,0.9573,8.3975,,,
2015,50,7951,성동구청,19635,4516,71530,2.9229,0.6723,10.6481,,,
2015,51,72166,도선사거리,3390,5443,69477,0.5046,0.8103,10.3425,,,
2015,52,72167,마장축산물시장,7434,4320,72591,1.1066,0.6431,10.8061,,,
2015,53,72168,동대문구청앞,7106,7052,72645,1.0578,1.0498,10.8141,,,
2015,54,13002,신답역,9906,3655,78896,1.4746,0.5441,11.7447,,,
2015,55,72170,동대문어린이집,3319,3414,78801,0.4941,0.5082,11.7305,,,
2015,56,8384,동대문중학교,4104,5199,77706,0.6109,0.7739,11.5675,,,
2015,57,10837,SK주유소,4969,4720,77955,0.7397,0.7026,11.6046,,,
2015,58,72173,전농사거리,10291,9331,78915,1.5319,1.389,11.7475,,,
2015,59,72174,전농동SK아파트,9502,7520,80897,1.4145,1.1194,12.0425,,,
2015,60,72175,배봉초등학교앞,9287,11694,78490,1.3825,1.7408,11.6842,,,
2015,61,72176,장안2동주민센터,18778,8534,88734,2.7953,1.2704,13.2092,,,
2015,62,72177,장안교.은석초등학교,7762,3993,92503,1.1555,0.5944,13.7702,,,
2015,63,72178,면목동홈에버,8045,8929,91619,1.1976,1.3292,13.6387,,,
2015,64,11535,면목두산아파트2차,2645,11919,82345,0.3937,1.7743,12.2581,,,
2015,65,72180,사가정역,4645,25447,61543,0.6915,3.7881,9.1615,,,
2015,66,11614,면목우체국.녹색병원,9476,4222,66797,1.4106,0.6285,9.9436,,,
2015,67,11610,면동초등학교,4248,4126,66919,0.6324,0.6142,9.9617,,,
2015,68,11599,면목1동주민센터,3773,5021,65671,0.5617,0.7474,9.776,,,
2015,69,71187,지하철7호선면목역,14070,6926,72815,2.0945,1.031,10.8394,,,
2015,70,11581,면목초등학교앞,2105,3987,70933,0.3134,0.5935,10.5593,,,
2015,71,11566,지하철7호선상봉역,16534,5471,81996,2.4613,0.8144,12.2061,,,
2015,72,72181,지하철7호선상봉역,9249,9303,81942,1.3768,1.3849,12.1981,,,
2015,73,70043,망우역.상봉터미널,3366,11906,73402,0.5011,1.7724,10.9268,,,
2015,74,8003103,망우역.망우지구대,5677,9410,69669,0.8451,1.4008,10.3711,,,
2015,75,72183,국민은행망우동지점,6939,13967,62641,1.033,2.0792,9.3249,,,
2015,76,72184,성원아파트경남아이너스빌딩앞,844,16507,46978,0.1256,2.4573,6.9933,,,
2015,77,72185,중랑구청사거리,983,15991,31970,0.1463,2.3805,4.7591,,,
2015,78,72186,동성프라자,485,7426,25029,0.0722,1.1055,3.7259,,,
2015,79,70868,신내교회.신내데시앙아파트,18,3836,21211,0.0027,0.571,3.1575,,,
2015,80,32572,중랑공영차고지입구,24,1300,19935,0.0036,0.1935,2.9676,,,
2015,81,70884,중랑공영차고지,1,275,19661,0.0001,0.0409,2.9268,,,
2112,1,11531,중곡초등학교,1143,100,1043,0.485,0.0424,0.4426,12839.3,755.3,118.9
2112,2,11552,방약국앞,1354,92,2305,0.5745,0.039,0.9781,,,
2112,3,71182,면남초등학교,873,320,2858,0.3704,0.1358,1.2127,,,
2112,4,71183,지하철7호선사가정역,858,487,3229,0.3641,0.2066,1.3701,,,
2112,5,72135,사가정역,10152,443,12938,4.3077,0.188,5.4898,,,
2112,6,72136,면목두산아파트2차,816,850,12904,0.3462,0.3607,5.4754,,,
2112,7,72137,면목동홈에버,2675,1742,13837,1.1351,0.7392,5.8713,,,
2112,8,72138,장안교앞,312,2689,11460,0.1324,1.141,4.8627,,,
2112,9,72139,장안2동주민센터,724,2379,9805,0.3072,1.0095,4.1605,,,
2112,10,73036,장안동현대아파트,247,1989,8063,0.1048,0.844,3.4213,,,
2112,11,11145,휘경여중고.휘경주공아파트,1464,2162,7365,0.6212,0.9174,3.1251,,,
2112,12,75471,휘경공고.휘경주공아파트,924,1181,7108,0.3921,0.5011,3.0161,,,
2112,13,75470,경찰수사보안연구소,2221,328,9001,0.9424,0.1392,3.8193,,,
2112,14,75472,동부아동상담소,2254,575,10680,0.9564,0.244,4.5317,,,
2112,15,75473,장안삼성래미안2차아파트,2625,577,12728,1.1138,0.2448,5.4007,,,
2112,16,75474,장안삼성래미안2차아파트,938,504,13162,0.398,0.2139,5.5849,,,
2112,17,75475,장안현대홈타운앞,5819,1137,17844,2.4691,0.4825,7.5716,,,
2112,18,75476,동대문구민회관앞,4240,874,21210,1.7991,0.3709,8.9998,,,
2112,19,75477,파라브아파트,2004,1429,21785,0.8503,0.6064,9.2438,,,
2112,20,75503,장한평,14270,11994,24061,6.055,5.0893,10.2096,,,
2112,21,75479,장한평역,34893,7661,51293,14.8058,3.2507,21.7646,,,
2112,22,75480,북한연구소앞,467,2291,49469,0.1982,0.9721,20.9907,,,
2112,23,73196,우리은행장안지점앞,1444,5279,45634,0.6127,2.24,19.3634,,,
2112,24,75481,장평중학교,1531,4562,42603,0.6496,1.9357,18.0773,,,
2112,25,75482,레미안장안1차아파트앞,2241,7492,37352,0.9509,3.179,15.8492,,,
2112,26,75483,장안치안센타,4065,8364,33053,1.7249,3.549,14.025,,,
2112,27,75484,장안2동주민센터입구,5533,14409,24177,2.3478,6.114,10.2588,,,
2112,28,11293,국민은행장안동지점,10547,4502,30222,4.4753,1.9103,12.8238,,,
2112,29,75486,장안사거리,5021,2357,32886,2.1305,1.0001,13.9542,,,
2112,30,75487,장안지구대,3815,1497,35204,1.6188,0.6352,14.9377,,,
2112,31,75488,촬영소사거리.세양청마루아파트앞,4730,1182,38752,2.007,0.5015,16.4432,,,
2112,32,10970,답십리2동한양아파트앞,1905,1672,38985,0.8083,0.7095,16.5421,,,
2112,33,75490,한양아파트.청솔우성아파트후문,3674,1945,40714,1.559,0.8253,17.2757,,,
2112,34,72538,답십리지구대,2795,863,42646,1.186,0.3662,18.0955,,,
2112,35,75159,동대문어린이집,1427,2379,41694,0.6055,1.0095,17.6916,,,
2112,36,8220,신답역,3264,3891,41067,1.385,1.651,17.4255,,,
2112,37,71911,동대문구청,5233,5007,41293,2.2205,2.1246,17.5214,,,
2112,38,71912,동부시립병원,4393,3488,42198,1.864,1.48,17.9054,,,
2112,39,7768,신설동역,3467,5508,40157,1.4711,2.3372,17.0394,,,
2112,40,8000821,동묘앞,3440,5097,38500,1.4597,2.1628,16.3363,,,
2112,41,72390,동대문.흥인지문,4041,8685,33856,1.7147,3.6852,14.3658,,,
2112,42,74746,종로6가,3327,5151,32032,1.4117,2.1857,13.5918,,,
2112,43,72257,종로5가.효제초등학교,1392,1269,32155,0.5907,0.5385,13.644,,,
2112,44,8998,종로5가.효제동,441,2009,30587,0.1871,0.8525,12.9787,,,
2112,45,72259,통신대.이화장,1825,5006,27406,0.7744,2.1241,11.6289,,,
2112,46,72260,혜화역.마로니에공원,3462,6794,24074,1.469,2.8828,10.2151,,,
2112,47,72261,혜화역동성중고.장면총리가옥,6159,3851,26382,2.6134,1.6341,11.1944,,,
2112,48,75229,삼선교.성죽문화원,15797,6091,36088,6.703,2.5845,15.3128,,,
2112,49,75230,성북동주민센터.동구마케팅고,417,3386,33119,0.1769,1.4367,14.053,,,
2112,50,75231,경신중고입구,153,5084,28188,0.0649,2.1572,11.9607,,,
2112,51,75232,홍익대부속중고등학교입구,318,7185,21321,0.1349,3.0487,9.0469,,,
2112,52,75233,성북초교,47,3566,17802,0.0199,1.5131,7.5537,,,
2112,53,75234,성북구립미술관.쌍다리앞,74,3970,13906,0.0314,1.6845,5.9006,,,
2112,54,75235,동방대학원대학교,21,2506,11421,0.0089,1.0633,4.8462,,,
2112,55,75209,명수학교,4567,3934,12054,1.9379,1.6693,5.1147,,,
2112,56,75210,동방대학원대학교,2825,57,14822,1.1987,0.0242,6.2893,,,
2112,57,75211,성북구립미술관.쌍다리앞,5971,113,20680,2.5336,0.0479,8.7749,,,
2112,58,75212,성북초교,1835,175,22340,0.7786,0.0743,9.4793,,,
2112,59,75213,홍익대부속중고등학교입구,8713,247,30806,3.6971,0.1048,13.0716,,,
2112,60,75214,경신중고입구,2194,305,32695,0.931,0.1294,13.8731,,,
2112,61,75215,성북동주민센터.동구마케팅고,2566,2179,33082,1.0888,0.9246,14.0373,,,
2112,62,75491,삼선교.성북문화원,5262,8292,30052,2.2328,3.5185,12.7517,,,
2112,63,75465,혜화역서울연극센터.장면총리가옥,7786,6657,31181,3.3038,2.8247,13.2307,,,
2112,64,70174,혜화역.서울대병원입구,10340,2435,39086,4.3875,1.0332,16.585,,,
2112,65,75466,통신대.이화장,1594,1433,39247,0.6764,0.608,16.6533,,,
2112,66,75467,이화동.이화장,1656,2362,38541,0.7027,1.0022,16.3537,,,
2112,67,8952,원남동,2267,3163,37645,0.9619,1.3421,15.9735,,,
2112,68,70028,종로5가,4570,5765,36450,1.9391,2.4462,15.4664,,,
2112,69,9015,종로6가.종로신진시장,5541,2217,39774,2.3512,0.9407,16.8769,,,
2112,70,8000505,동대문,8107,3848,44033,3.44,1.6328,18.6841,,,
2112,71,7670,숭인동,2509,2307,44235,1.0646,0.9789,18.7698,,,
2112,72,71916,동대문우체국앞,5951,3153,47033,2.5251,1.3379,19.957,,,
2112,73,7867,용두동,2432,3692,45773,1.0319,1.5666,19.4224,,,
2112,74,75492,용두역,803,2992,43584,0.3407,1.2696,18.4935,,,
2112,75,72168,동대문구청앞,4481,2111,45954,1.9014,0.8957,19.4992,,,
2112,76,13002,신답역,3713,2387,47280,1.5755,1.0129,20.0618,,,
2112,77,72170,동대문어린이집,1552,1707,47125,0.6585,0.7243,19.9961,,,
2112,78,75493,답십리지구대,258,1716,45667,0.1095,0.7281,19.3774,,,
2112,79,75494,답십리종합상가,326,2779,43214,0.1383,1.1792,18.3365,,,
2112,80,74676,답십리2동.두산아파트,2331,2526,43019,0.9891,1.0718,18.2538,,,
2112,81,10969,답십리2동한양아파트앞,668,1569,42118,0.2834,0.6658,17.8715,,,
2112,82,75495,동답한신.대림아파트.동대문체육,464,1977,40605,0.1969,0.8389,17.2295,,,
2112,83,74678,동답한신.대림아파트동대문체육관,557,4031,37131,0.2363,1.7104,15.7554,,,
2112,84,75496,장안지구대,1621,6048,32704,0.6878,2.5663,13.8769,,,
2112,85,11303,국민은행장안동지점,3684,9262,27126,1.5632,3.93,11.5101,,,
2112,86,75498,장안현대홈타운아파트앞,2928,3428,26626,1.2424,1.4546,11.2979,,,
2112,87,75499,장안치안센타,4320,2924,28022,1.8331,1.2407,11.8903,,,
2112,88,75500,장평중학교앞,1518,1401,28139,0.6441,0.5945,11.9399,,,
2112,89,175477,파라브아파트,2136,1030,29245,0.9063,0.437,12.4092,,,
2112,90,175503,장한평,14078,8383,34940,5.9736,3.5571,14.8257,,,
2112,91,175479,장한평역,38210,6154,66996,16.2133,2.6113,28.4277,,,
2112,92,175480,북한연구소앞,757,2379,65374,0.3212,1.0095,27.7395,,,
2112,93,173196,우리은행장안지점앞,1843,5879,61338,0.782,2.4946,26.0269,,,
2112,94,11173,동경호텔앞,1273,6435,56176,0.5402,2.7305,23.8366,,,
2112,95,73198,경남호텔앞,420,5928,50668,0.1782,2.5154,21.4994,,,
2112,96,73199,장안동삼성쉐르빌아파트,1337,10997,41008,0.5673,4.6662,17.4005,,,
2112,97,73200,새서울병원,1379,7286,35101,0.5851,3.0916,14.894,,,
2112,98,73201,신한은행장안동지점,3241,8032,30310,1.3752,3.4081,12.8611,,,
2112,99,73202,장안동근린공원,563,3278,27595,0.2389,1.3909,11.7091,,,
2112,100,72177,장안교.은석초등학교,2836,1246,29185,1.2034,0.5287,12.3838,,,
2112,101,72178,면목동홈에버,2527,2699,29013,1.0723,1.1452,12.3108,,,
2112,102,11535,면목두산아파트2차,393,4779,24627,0.1668,2.0278,10.4497,,,
2112,103,72180,사가정역,341,8347,16621,0.1447,3.5418,7.0526,,,
2112,104,71225,면목시장,389,601,16409,0.1651,0.255,6.9627,,,
2112,105,11560,면남초등학교,203,876,15736,0.0861,0.3717,6.6771,,,
2112,106,71227,방약국,70,869,14937,0.0297,0.3687,6.3381,,,
2112,107,11530,중곡초등학교,0,598,14339,0,0.2537,6.0843,,,
2112,108,781,한마음슈퍼,1,0,14340,0.0004,0,6.0847,,,
2211,1,11530,중곡초등학교,10953,2254,8699,2.434,0.5009,1.9331,17016.9,945.4,315.1
2211,2,14472,면곡시장,17895,1927,24667,3.9767,0.4282,5.4816,,,
2211,3,11293,국민은행장안동지점,23502,6777,41392,5.2227,1.506,9.1982,,,
2211,4,73189,장안동삼성쉐르빌아파트,25804,3161,64035,5.7342,0.7024,14.23,,,
2211,5,73190,동경호텔.현대벤처빌,17497,3186,78346,3.8882,0.708,17.4102,,,
2211,6,73191,우리은행장안지점앞,7942,14138,72150,1.7649,3.1418,16.0333,,,
2211,7,8002524,장안평역,17783,59432,30501,3.9518,13.2071,6.778,,,
2211,8,10974,청년회의소,10912,9136,32277,2.4249,2.0302,7.1727,,,
2211,9,10908,하나은행장안동지점,2995,4983,30289,0.6656,1.1073,6.7309,,,
2211,10,73031,동아.위더스빌아파트,5737,7351,28675,1.2749,1.6336,6.3722,,,
2211,11,15876,장안동우체국,2675,3174,28176,0.5944,0.7053,6.2613,,,
2211,12,15877,우리은행장안동지점,1279,505,28950,0.2842,0.1122,6.4333,,,
2211,13,73196,우리은행장안지점앞,14519,918,42551,3.2264,0.204,9.4558,,,
2211,14,11173,동경호텔앞,8069,977,49643,1.7931,0.2171,11.0318,,,
2211,15,73198,경남호텔앞,2668,1429,50882,0.5929,0.3176,11.3071,,,
2211,16,73199,장안동삼성쉐르빌아파트,12271,2689,60464,2.7269,0.5976,13.4364,,,
2211,17,73200,새서울병원,11164,2401,69227,2.4809,0.5336,15.3838,,,
2211,18,73201,신한은행장안동지점,13037,2692,79572,2.8971,0.5982,17.6827,,,
2211,19,73202,장안동근린공원,3093,7251,75414,0.6873,1.6113,16.7587,,,
2211,20,72139,장안2동주민센터,9112,7091,77435,2.0249,1.5758,17.2078,,,
2211,21,73036,장안동현대아파트,5746,6848,76333,1.2769,1.5218,16.9629,,,
2211,22,11145,휘경여중고.휘경주공아파트,12548,6792,82089,2.7884,1.5093,18.242,,,
2211,23,11121,서울보호관찰소.동성빌라,6414,2944,85559,1.4253,0.6542,19.0131,,,
2211,24,73039,동일스위트리버.휘봉고교,4598,6530,83627,1.0218,1.4511,18.5838,,,
2211,25,11136,휘경2동주민센터,2558,19530,66655,0.5684,4.34,14.8122,,,
2211,26,8003050,휘경동신성아파트,4498,5453,65700,0.9996,1.2118,14.6,,,
2211,27,16179,삼육서울병원,1971,9964,57707,0.438,2.2142,12.8238,,,
2211,28,13694,회기역.시점,64232,55565,66374,14.2738,12.3478,14.7498,,,
2211,29,11086,중랑교,10111,2867,73618,2.2469,0.6371,16.3596,,,
2211,30,11131,휘경2동주민센터,18293,2176,89735,4.0651,0.4836,19.9411,,,
2211,31,73182,동일스위트리버.휘봉고교,4118,5476,88377,0.9151,1.2169,19.6393,,,
2211,32,11105,서울보호관찰소.동성빌라,3907,6971,85313,0.8682,1.5491,18.9584,,,
2211,33,11137,휘경여중고,11306,11029,85590,2.5124,2.4509,19.02,,,
2211,34,73185,배봉산입구,3189,4697,84082,0.7087,1.0438,18.6849,,,
2211,35,72176,장안2동주민센터,24921,7987,101016,5.538,1.7749,22.448,,,
2211,36,11245,장안동근린공원,8603,8306,101313,1.9118,1.8458,22.514,,,
2211,37,73187,조흥은행장안동지점,18027,13338,106002,4.006,2.964,23.556,,,
2211,38,73188,코리아병원,8553,14078,100477,1.9007,3.1284,22.3282,,,
2211,39,173189,장안동삼성쉐르빌아파트,17814,10585,107706,3.9587,2.3522,23.9347,,,
2211,40,173190,동경호텔.현대벤처빌,13076,9282,111500,2.9058,2.0627,24.7778,,,
2211,41,173191,우리은행장안지점앞,6678,21245,96933,1.484,4.7211,21.5407,,,
2211,42,8102524,장안평역,10518,71519,35932,2.3373,15.8931,7.9849,,,
2211,43,110974,청년회의소,6716,12039,30609,1.4924,2.6753,6.802,,,
2211,44,110908,하나은행장안동지점,1810,4665,27754,0.4022,1.0367,6.1676,,,
2211,45,173031,동아.위더스빌아파트,3709,7365,24098,0.8242,1.6367,5.3551,,,
2211,46,115876,장안동우체국,1193,3263,22028,0.2651,0.7251,4.8951,,,
2211,47,115877,우리은행장안동지점,375,462,21941,0.0833,0.1027,4.8758,,,
2211,48,173196,우리은행장안지점앞,4862,860,25943,1.0804,0.1911,5.7651,,,
2211,49,111173,동경호텔앞,1766,809,26900,0.3924,0.1798,5.9778,,,
2211,50,173198,경남호텔앞,511,1293,26118,0.1136,0.2873,5.804,,,
2211,51,173199,장안동삼성쉐르빌아파트,1778,3151,24745,0.3951,0.7002,5.4989,,,
2211,52,11303,국민은행장안동지점,7004,4059,27690,1.5564,0.902,6.1533,,,
2211,53,14473,명곡음악전문학원,181,11142,16729,0.0402,2.476,3.7176,,,
2211,54,11531,중곡초등학교,17,4378,12368,0.0038,0.9729,2.7484,,,
2230,1,11552,방약국앞,2236,1462,774,0.699,0.457,0.242,13028.5,766.4,141.6
2230,2,71182,면남초등학교,1062,252,1584,0.332,0.0788,0.4952,,,
2230,3,71183,지하철7호선사가정역,913,496,2001,0.2854,0.1551,0.6255,,,
2230,4,11614,면목우체국.녹색병원,2633,575,4059,0.8231,0.1798,1.2689,,,
2230,5,11610,면동초등학교,1103,595,4567,0.3448,0.186,1.4277,,,
2230,6,11599,면목1동주민센터,883,666,4784,0.276,0.2082,1.4955,,,
2230,7,71187,지하철7호선면목역,3200,1081,6903,1.0004,0.3379,2.158,,,
2230,8,11581,면목초등학교앞,507,776,6634,0.1585,0.2426,2.0739,,,
2230,9,11566,지하철7호선상봉역,3989,1729,8894,1.247,0.5405,2.7804,,,
2230,10,31815,상봉1동주민센터,737,1394,8237,0.2304,0.4358,2.575,,,
2230,11,31816,쌍용아파트,280,466,8051,0.0875,0.1457,2.5168,,,
2230,12,11598,쌍용아파트신내테크노타운앞,725,981,7795,0.2266,0.3067,2.4368,,,
2230,13,11641,엘지아파트앞,553,783,7565,0.1729,0.2448,2.3649,,,
2230,14,11655,신현중.고등학교,688,1598,6655,0.2151,0.4996,2.0804,,,
2230,15,11681,중랑구청,1696,2706,5645,0.5302,0.8459,1.7647,,,
2230,16,72131,중랑구청사거리,7533,1855,11323,2.3549,0.5799,3.5397,,,
2230,17,8002754,성원아파트경남아너스빌,2797,1098,13022,0.8744,0.3432,4.0708,,,
2230,18,72133,국민은행망우동지점,2045,2324,12743,0.6393,0.7265,3.9836,,,
2230,19,8003104,망우역.망우지구대,7877,1544,19076,2.4624,0.4827,5.9634,,,
2230,20,11670,상봉터미널,10285,2269,27092,3.2152,0.7093,8.4693,,,
2230,21,71148,혜원여중고입구,2446,2202,27336,0.7646,0.6884,8.5456,,,
2230,22,71149,봉우재고개,1555,1600,27291,0.4861,0.5002,8.5315,,,
2230,23,71150,우림시장,8922,2395,33818,2.7891,0.7487,10.5719,,,
2230,24,11741,용마공원입구,8208,3442,38584,2.5659,1.076,12.0618,,,
2230,25,70857,망우3동주민센터,7215,5666,40133,2.2555,1.7713,12.546,,,
2230,26,11718,서일대,4282,3662,40753,1.3386,1.1448,12.7399,,,
2230,27,11700,용마문화복지센터,5116,5394,40475,1.5993,1.6862,12.653,,,
2230,28,11686,중화중학교,4845,3445,41875,1.5146,1.0769,13.0906,,,
2230,29,11674,면중초등학교,4559,2079,44355,1.4252,0.6499,13.8659,,,
2230,30,75510,가게앞,2655,3840,43170,0.83,1.2004,13.4954,,,
2230,31,75511,시장입구,1032,10827,33375,0.3226,3.3846,10.4334,,,
2230,32,72135,사가정역,17480,9359,41496,5.4645,2.9257,12.9721,,,
2230,33,72136,면목두산아파트2차,2801,2704,41593,0.8756,0.8453,13.0025,,,
2230,34,72137,면목동홈에버,6744,3622,44715,2.1083,1.1323,13.9784,,,
2230,35,72138,장안교앞,3972,6397,42290,1.2417,1.9998,13.2203,,,
2230,36,72139,장안2동주민센터,11002,8026,45266,3.4394,2.509,14.1507,,,
2230,37,72140,배봉초등학교앞,11664,4583,52347,3.6463,1.4327,16.3643,,,
2230,38,72141,전농동SK아파트,7965,4685,55627,2.49,1.4646,17.3896,,,
2230,39,72142,전농사거리,1975,3340,54262,0.6174,1.0441,16.9629,,,
2230,40,72539,동부교육구청.해성국제컨벤션고등학교,4910,6052,53120,1.5349,1.8919,16.6059,,,
2230,41,72540,서울시립대입구,8165,5415,55870,2.5525,1.6928,17.4656,,,
2230,42,72541,떡전교앞,2165,2600,55435,0.6768,0.8128,17.3296,,,
2230,43,8308,청량리성심병원,710,3222,52923,0.222,1.0072,16.5443,,,
2230,44,8501270,청량리미주아파트.동대문세무서,138,7304,45757,0.0431,2.2833,14.3042,,,
2230,45,8000781,청량리역환승센타4번승강장,678,38373,8062,0.212,11.9958,2.5203,,,
2230,46,8002629,경동시장앞,3382,3792,7652,1.0573,1.1854,2.3921,,,
2230,47,71143,동대문중앙새마을금고,2313,428,9537,0.7231,0.1338,2.9814,,,
2230,48,8145,현대코아,697,291,9943,0.2179,0.091,3.1083,,,
2230,49,72419,청량리역환승센타3번승강장,57945,1688,66200,18.1143,0.5277,20.6949,,,
2230,50,8002143,청량리성심병원,3668,1846,68022,1.1467,0.5771,21.2645,,,
2230,51,72535,떡전교앞,4429,5277,67174,1.3846,1.6497,20.9994,,,
2230,52,72536,서울시립대학교앞,6295,9271,64198,1.9679,2.8982,20.069,,,
2230,53,72537,동부교육구청.해성국제컨벤션고등학교,5700,4012,65886,1.7819,1.2542,20.5967,,,
2230,54,72173,전농사거리,6140,7612,64414,1.9194,2.3796,20.1366,,,
2230,55,72174,전농동SK아파트,5143,8506,61051,1.6078,2.6591,19.0853,,,
2230,56,72175,배봉초등학교앞,6079,12202,54928,1.9004,3.8145,17.1711,,,
2230,57,72176,장안2동주민센터,12525,8297,59156,3.9155,2.5937,18.4929,,,
2230,58,72177,장안교.은석초등학교,5055,3705,60506,1.5803,1.1582,18.9149,,,
2230,59,72178,면목동홈에버,5889,7076,59319,1.841,2.212,18.5438,,,
2230,60,11535,면목두산아파트2차,2871,8409,53781,0.8975,2.6288,16.8126,,,
2230,61,72180,사가정역,17420,16952,54249,5.4457,5.2994,16.9589,,,
2230,62,75512,시장입구,5255,2214,57290,1.6428,0.6921,17.9095,,,
2230,63,11677,면중초등학교,4495,9436,52349,1.4052,2.9498,16.3649,,,
2230,64,11685,중화중학교,2455,4484,50320,0.7675,1.4018,15.7306,,,
2230,65,8001321,용마문화복지센터,6376,9204,47492,1.9932,2.8773,14.8466,,,
2230,66,71130,서일대학교,5709,5398,47803,1.7847,1.6875,14.9438,,,
2230,67,70881,망우3동주민센터,5263,8766,44300,1.6453,2.7404,13.8487,,,
2230,68,70882,용마공원입구,2431,6765,39966,0.76,2.1148,12.4938,,,
2230,69,71131,우림시장앞,2770,5897,36839,0.8659,1.8435,11.5163,,,
2230,70,71132,봉우재고개,815,1251,36403,0.2548,0.3911,11.38,,,
2230,71,71133,혜원여중고입구,1744,1162,36985,0.5452,0.3633,11.5619,,,
2230,72,71134,상봉터미널입구,551,3894,33642,0.1722,1.2173,10.5169,,,
2230,73,72675,상봉터미널,3517,6324,30835,1.0995,1.977,9.6394,,,
2230,74,11675,망우역,769,8266,23338,0.2404,2.584,7.2957,,,
2230,75,72183,국민은행망우동지점,3814,4488,22664,1.1923,1.403,7.085,,,
2230,76,72184,성원아파트경남아이너스빌딩앞,591,5231,18024,0.1848,1.6353,5.6345,,,
2230,77,11690,중랑구청,3058,6073,15009,0.956,1.8985,4.692,,,
2230,78,11652,신현중.고등학교,1442,1068,15383,0.4508,0.3339,4.8089,,,
2230,79,11636,엘지아파트,677,720,15340,0.2116,0.2251,4.7955,,,
2230,80,11596,쌍용아파트.신내테크노타운,1147,664,15823,0.3586,0.2076,4.9465,,,
2230,81,31832,쌍용아파트,793,618,15998,0.2479,0.1932,5.0012,,,
2230,82,31833,상봉1동주민센터,1207,647,16558,0.3773,0.2023,5.1762,,,
2230,83,71218,지하철7호선상봉역,2458,3235,15781,0.7684,1.0113,4.9333,,,
2230,84,11578,면목초등학교,416,808,15389,0.13,0.2526,4.8108,,,
2230,85,71220,지하철7호선면목역,1540,1367,15562,0.4814,0.4273,4.8649,,,
2230,86,11595,면목1동주민센터,696,757,15501,0.2176,0.2366,4.8458,,,
2230,87,11605,면동초등학교,984,834,15651,0.3076,0.2607,4.8927,,,
2230,88,11611,면목우체국.녹색병원,272,1630,14293,0.085,0.5096,4.4682,,,
2230,89,71224,지하철7호선사가정역,570,1864,12999,0.1782,0.5827,4.0636,,,
2230,90,71225,면목시장,335,886,12448,0.1047,0.277,3.8914,,,
2230,91,11560,면남초등학교,151,991,11608,0.0472,0.3098,3.6288,,,
2230,92,71227,방약국,56,647,11017,0.0175,0.2023,3.444,,,
2233,1,11531,중곡초등학교,1144,78,1066,0.4548,0.031,0.4238,13139.0,657.0,110.4
2233,2,11552,방약국앞,1189,79,2176,0.4727,0.0314,0.8651,,,
2233,3,71182,면남초등학교,667,345,2498,0.2652,0.1372,0.9931,,,
2233,4,71183,지하철7호선사가정역,694,491,2701,0.2759,0.1952,1.0738,,,
2233,5,72135,사가정역,9208,403,11506,3.6608,0.1602,4.5744,,,
2233,6,72136,면목두산아파트2차,634,761,11379,0.2521,0.3025,4.5239,,,
2233,7,72137,면목동홈에버,2171,1648,11902,0.8631,0.6552,4.7319,,,
2233,8,72138,장안교앞,309,2607,9604,0.1228,1.0365,3.8182,,,
2233,9,72139,장안2동주민센터,848,2606,7846,0.3371,1.0361,3.1193,,,
2233,10,73036,장안동현대아파트,222,1932,6136,0.0883,0.7681,2.4395,,,
2233,11,11145,휘경여중고.휘경주공아파트,1106,1754,5488,0.4397,0.6973,2.1819,,,
2233,12,11121,서울보호관찰소.동성빌라,171,685,4974,0.068,0.2723,1.9775,,,
2233,13,73039,동일스위트리버.휘봉고교,658,359,5273,0.2616,0.1427,2.0964,,,
2233,14,11144,휘경유수지견인차고지앞,626,153,5746,0.2489,0.0608,2.2844,,,
2233,15,75538,휘봉초등학교,19,99,5666,0.0076,0.0394,2.2526,,,
2233,16,75470,경찰수사보안연구소,2155,221,7600,0.8568,0.0879,3.0215,,,
2233,17,75472,동부아동상담소,2102,507,9195,0.8357,0.2016,3.6556,,,
2233,18,75473,장안삼성래미안2차아파트,2372,565,11002,0.943,0.2246,4.374,,,
2233,19,75474,장안삼성래미안2차아파트,805,499,11308,0.32,0.1984,4.4957,,,
2233,20,75475,장안현대홈타운앞,5358,1054,15612,2.1302,0.419,6.2068,,,
2233,21,75476,동대문구민회관앞,4256,771,19097,1.692,0.3065,7.5924,,,
2233,22,75477,파라브아파트,2177,1211,20063,0.8655,0.4815,7.9764,,,
2233,23,75503,장한평,10726,9986,20803,4.2643,3.9701,8.2706,,,
2233,24,75479,장한평역,32753,6843,46713,13.0215,2.7206,18.5716,,,
2233,25,75480,북한연구소앞,657,1870,45500,0.2612,0.7435,18.0893,,,
2233,26,73196,우리은행장안지점앞,2497,5209,42788,0.9927,2.0709,17.0111,,,
2233,27,11173,동경호텔앞,2344,6654,38478,0.9319,2.6454,15.2976,,,
2233,28,73198,경남호텔앞,1067,5803,33742,0.4242,2.3071,13.4147,,,
2233,29,73199,장안동삼성쉐르빌아파트,2839,10790,25791,1.1287,4.2898,10.2537,,,
2233,30,75486,장안사거리,5495,4221,27065,2.1846,1.6781,10.7602,,,
2233,31,75487,장안지구대,2985,1964,28086,1.1867,0.7808,11.1661,,,
2233,32,11093,답신리촬영소,2806,3921,26971,1.1156,1.5589,10.7228,,,
2233,33,73035,전곡시장,4934,3199,28706,1.9616,1.2718,11.4126,,,
2233,34,72140,배봉초등학교앞,12019,3411,37314,4.7784,1.3561,14.8349,,,
2233,35,72141,전농동SK아파트,5395,3328,39381,2.1449,1.3231,15.6566,,,
2233,36,72142,전농사거리,1885,2291,38975,0.7494,0.9108,15.4952,,,
2233,37,10835,SK주유소,2046,1781,39240,0.8134,0.7081,15.6006,,,
2233,38,75158,동대문중학교,1176,1130,39286,0.4675,0.4493,15.6189,,,
2233,39,75513,한성실업,3321,2039,40568,1.3203,0.8106,16.1285,,,
2233,40,75514,전농시장앞,3476,3130,40914,1.3819,1.2444,16.2661,,,
2233,41,8102,성바오르병원앞,890,9237,32567,0.3538,3.6723,12.9476,,,
2233,42,70069,청량리청과물도매시장,2195,4217,30545,0.8727,1.6765,12.1437,,,
2233,43,7934,제기역약령시장,1591,4179,27957,0.6325,1.6614,11.1148,,,
2233,44,70071,용두동.한국의류시험연구원,1025,1919,27063,0.4075,0.7629,10.7594,,,
2233,45,7769,신설동역,1109,3965,24207,0.4409,1.5764,9.6239,,,
2233,46,8000821,동묘앞,2252,3007,23452,0.8953,1.1955,9.3238,,,
2233,47,72390,동대문.흥인지문,2613,4837,21228,1.0388,1.923,8.4396,,,
2233,48,72391,종로.중구새마을금고,1293,4218,18303,0.5141,1.6769,7.2767,,,
2233,49,72392,동대문역사문화공원,8095,4090,22308,3.2183,1.6261,8.8689,,,
2233,50,72609,동대문역사문화공원,1010,874,22444,0.4015,0.3475,8.923,,,
2233,51,9187,충무아트홀.중부소방서,5201,2895,24750,2.0678,1.151,9.8398,,,
2233,52,75421,신당동떡볶이타운,4110,1812,27048,1.634,0.7204,10.7534,,,
2233,53,9180,청구역,9569,3013,33604,3.8043,1.1979,13.3599,,,
2233,54,8000203,동화동,312,4601,29315,0.124,1.8292,11.6547,,,
2233,55,75518,신당동삼성아파트,963,4858,25420,0.3829,1.9314,10.1062,,,
2233,56,75519,대경중입구,627,2887,23160,0.2493,1.1478,9.2077,,,
2233,57,7663,신금호역,4206,4459,22907,1.6722,1.7728,9.1071,,,
2233,58,7718,팔봉사입구,657,1407,22157,0.2612,0.5594,8.8089,,,
2233,59,75522,금호동벽산아파트,1200,3337,20020,0.4771,1.3267,7.9593,,,
2233,60,75523,금호사거리,406,3100,17326,0.1614,1.2325,6.8883,,,
2233,61,72364,금남시장앞,1920,5575,13671,0.7633,2.2164,5.4352,,,
2233,62,72365,금옥초등학교앞,233,2333,11571,0.0926,0.9275,4.6003,,,
2233,63,9190,옥수동삼성아파트,79,2023,9627,0.0314,0.8043,3.8274,,,
2233,64,75524,극동그린아파트앞,911,2170,8368,0.3622,0.8627,3.3268,,,
2233,65,75525,극동그린아파트,1694,113,9949,0.6735,0.0449,3.9554,,,
2233,66,9195,옥수동삼성아파트,2934,69,12814,1.1665,0.0274,5.0944,,,
2233,67,72381,미타사입구,538,159,13193,0.2139,0.0632,5.2451,,,
2233,68,72382,금옥초등학교앞,1878,460,14611,0.7466,0.1829,5.8089,,,
2233,69,72405,금남시장앞,7895,870,21636,3.1388,0.3459,8.6018,,,
2233,70,75527,금호사거리,4361,1017,24980,1.7338,0.4043,9.9313,,,
2233,71,75529,금호동벽산아파트,4778,1375,28383,1.8996,0.5467,11.2842,,,
2233,72,75528,팔봉사입구,1648,1472,28559,0.6552,0.5852,11.3541,,,
2233,73,75530,신금호역,4341,5588,27312,1.7258,2.2216,10.8584,,,
2233,74,75531,대경중입구,1792,457,28647,0.7124,0.1817,11.3891,,,
2233,75,75532,신당동대우푸루지오,3600,718,31529,1.4312,0.2855,12.5349,,,
2233,76,75533,동화동,2083,1243,32369,0.8281,0.4942,12.8689,,,
2233,77,75534,청구역,2230,4888,29711,0.8866,1.9433,11.8121,,,
2233,78,9203,신당동떡볶이타운,3379,2477,30613,1.3434,0.9848,12.1708,,,
2233,79,72158,충무아트홀중부소방서.박정희대통령가옥,2450,6564,26499,0.974,2.6096,10.5352,,,
2233,80,72159,동대문역사문화공원,5568,6794,25273,2.2137,2.7011,10.0477,,,
2233,81,8000505,동대문,8708,3509,30472,3.462,1.3951,12.1147,,,
2233,82,7670,숭인동,4726,1538,33660,1.8789,0.6115,13.3821,,,
2233,83,8002513,신설동역,5844,1481,38023,2.3234,0.5888,15.1167,,,
2233,84,8002705,용두동로타리.한국의류시험연구원,3171,1050,40144,1.2607,0.4174,15.96,,,
2233,85,70034,제기동역,5811,1617,44338,2.3103,0.6429,17.6274,,,
2233,86,8501293,청량리청과물도매시장,4595,1248,47685,1.8268,0.4962,18.958,,,
2233,87,75535,성바오르병원앞,8761,2003,54443,3.4831,0.7963,21.6448,,,
2233,88,75536,전농시장앞,2713,4061,53095,1.0786,1.6145,21.1089,,,
2233,89,75537,한성실업,1533,2396,52232,0.6095,0.9526,20.7658,,,
2233,90,8384,동대문중학교,1530,1714,52048,0.6083,0.6814,20.6926,,,
2233,91,10837,SK주유소,2334,1682,52700,0.9279,0.6687,20.9518,,,
2233,92,72173,전농사거리,2940,5003,50637,1.1689,1.989,20.1317,,,
2233,93,72174,전농동SK아파트,3232,5454,48415,1.2849,2.1683,19.2483,,,
2233,94,72175,배봉초등학교앞,1824,9090,41149,0.7252,3.6139,16.3595,,,
2233,95,74668,전곡시장,2108,4547,38710,0.8381,1.8077,15.3899,,,
2233,96,74669,답십리촬영소,1870,3768,36812,0.7435,1.498,14.6353,,,
2233,97,75496,장안지구대,1801,5483,33130,0.716,2.1799,13.1714,,,
2233,98,11303,국민은행장안동지점,2991,8261,27860,1.1891,3.2843,11.0762,,,
2233,99,175475,장안현대홈타운앞,5183,2071,30972,2.0606,0.8234,12.3135,,,
2233,100,175476,동대문구민회관앞,3690,1970,32692,1.467,0.7832,12.9973,,,
2233,101,175477,파라브아파트,1986,1674,33004,0.7896,0.6655,13.1213,,,
2233,102,175503,장한평,15284,10866,37422,6.0764,4.32,14.8778,,,
2233,103,175479,장한평역,42592,6592,73422,16.9332,2.6208,29.1902,,,
2233,104,175480,북한연구소앞,802,2352,71872,0.3188,0.9351,28.574,,,
2233,105,173196,우리은행장안지점앞,1947,6206,67613,0.7741,2.4673,26.8808,,,
2233,106,111173,동경호텔앞,1309,8363,60559,0.5204,3.3249,24.0763,,,
2233,107,173198,경남호텔앞,468,6691,54336,0.1861,2.6601,21.6023,,,
2233,108,173199,장안동삼성쉐르빌아파트,1515,12481,43370,0.6023,4.962,17.2425,,,
2233,109,73200,새서울병원,1431,7576,37225,0.5689,3.012,14.7995,,,
2233,110,73201,신한은행장안동지점,3232,8816,31641,1.2849,3.505,12.5795,,,
2233,111,73202,장안동근린공원,637,3687,28591,0.2533,1.4658,11.3669,,,
2233,112,72177,장안교.은석초등학교,2782,1413,29960,1.106,0.5618,11.9111,,,
2233,113,72178,면목동홈에버,2364,2873,29451,0.9399,1.1422,11.7088,,,
2233,114,11535,면목두산아파트2차,417,4324,25544,0.1658,1.7191,10.1555,,,
2233,115,72180,사가정역,394,8763,17175,0.1566,3.4839,6.8282,,,
2233,116,71225,면목시장,410,688,16897,0.163,0.2735,6.7177,,,
2233,117,11560,면남초등학교,195,919,16173,0.0775,0.3654,6.4299,,,
2233,118,71227,방약국,88,922,15339,0.035,0.3666,6.0983,,,
2233,119,11530,중곡초등학교,4,674,14669,0.0016,0.268,5.8319,,,
3220,1,12157,신흥기업종점,1863,27,1836,0.8507,0.0123,0.8384,10552.4,703.5,119.9
3220,2,12148,신흥기업입구,3588,30,5394,1.6384,0.0137,2.463,,,
3220,3,12116,신오금사거리,1698,224,6868,0.7753,0.1023,3.1361,,,
3220,4,13975,오금동대림아파트,2278,581,8565,1.0402,0.2653,3.911,,,
3220,5,12041,방이역,3518,1072,11011,1.6064,0.4895,5.0279,,,
3220,6,8002220,올림픽선수촌아파트,1795,1066,11740,0.8196,0.4868,5.3607,,,
3220,7,12127,올림픽공원역,6360,1585,16515,2.9041,0.7237,7.5411,,,
3220,8,8002363,오륜교회앞,2989,2707,16797,1.3648,1.2361,7.6699,,,
3220,9,8002387,윤선생영어교실앞.삼성SNS,9314,2151,23960,4.253,0.9822,10.9406,,,
3220,10,12080,성내동미주아파트,4914,1257,27617,2.2438,0.574,12.6105,,,
3220,11,12022,강동보건소,2891,3546,26962,1.3201,1.6192,12.3114,,,
3220,12,8002388,강동구청,3100,5519,24543,1.4155,2.5201,11.2068,,,
3220,13,8001413,현대아파트앞,2352,2881,24014,1.074,1.3155,10.9653,,,
3220,14,11929,풍납동극동아파트.서울아산병원입구,5064,2256,26822,2.3123,1.0301,12.2475,,,
3220,15,77130,올림픽대교남단,2528,324,29026,1.1543,0.1479,13.2539,,,
3220,16,13829,올림픽대교북단사거리,7188,2981,33233,3.2822,1.3612,15.1749,,,
3220,17,13797,구의시장삼거리,5032,2382,35883,2.2977,1.0877,16.3849,,,
3220,18,8001944,광진경찰서,7708,3079,40512,3.5196,1.4059,18.4986,,,
3220,19,11513,광진구청,6420,2291,44641,2.9315,1.0461,20.384,,,
3220,20,11493,자양사거리,3653,1898,46396,1.668,0.8667,21.1854,,,
3220,21,11415,자양초등학교,3621,3853,46164,1.6534,1.7594,21.0795,,,
3220,22,11324,건대후문,4202,9977,40389,1.9187,4.5557,18.4425,,,
3220,23,11230,건대입구사거리,18372,19128,39633,8.389,8.7342,18.0973,,,
3220,24,11292,화양천주교회앞,1840,3177,38296,0.8402,1.4507,17.4868,,,
3220,25,11219,화양리,6069,4512,39853,2.7712,2.0603,18.1977,,,
3220,26,11178,송정동서울숲아이파크,6877,5881,40849,3.1402,2.6854,18.6525,,,
3220,27,11225,송정동건영아파트,6253,4221,42881,2.8553,1.9274,19.5804,,,
3220,28,15823,군자교남단,1761,4449,40193,0.8041,2.0315,18.353,,,
3220,29,75503,장한평,3881,9675,34399,1.7721,4.4178,15.7073,,,
3220,30,10974,청년회의소,2572,1730,35241,1.1744,0.79,16.0918,,,
3220,31,10908,하나은행장안동지점,446,2245,33442,0.2037,1.0251,15.2703,,,
3220,32,73031,동아.위더스빌아파트,1607,3685,31364,0.7338,1.6826,14.3215,,,
3220,33,11041,동답한신아파트후문,2032,3357,30039,0.9279,1.5329,13.7164,,,
3220,34,11076,풍안시장.동답초교,1065,1532,29572,0.4863,0.6995,13.5032,,,
3220,35,75488,촬영소사거리.세양청마루아파트앞,2439,3173,28838,1.1137,1.4489,13.168,,,
3220,36,10970,답십리2동한양아파트앞,847,1573,28112,0.3868,0.7183,12.8365,,,
3220,37,75490,한양아파트.청솔우성아파트후문,540,1107,27545,0.2466,0.5055,12.5776,,,
3220,38,8001834,청솔우성아파트.답십리종합상가,3661,2613,28593,1.6717,1.1932,13.0562,,,
3220,39,10895,전농우체국앞,2859,3132,28320,1.3055,1.4301,12.9315,,,
3220,40,10835,SK주유소,945,807,28458,0.4315,0.3685,12.9945,,,
3220,41,75158,동대문중학교,529,485,28502,0.2416,0.2215,13.0146,,,
3220,42,75513,한성실업,2322,1125,29699,1.0603,0.5137,13.5612,,,
3220,43,75514,전농시장앞,2381,2148,29932,1.0872,0.9808,13.6676,,,
3220,44,8102,성바오르병원앞,2247,10185,21994,1.026,4.6507,10.0429,,,
3220,45,8001829,청량리역 환승센터,23929,11015,34908,10.9265,5.0297,15.9397,,,
3220,46,8002143,청량리성심병원,1996,1852,35052,0.9114,0.8457,16.0055,,,
3220,47,72535,떡전교앞,3250,3280,35022,1.484,1.4977,15.9918,,,
3220,48,72536,서울시립대학교앞,3879,5486,33415,1.7712,2.505,15.258,,,
3220,49,72537,동부교육구청.해성국제컨벤션고등학교,2417,2800,33032,1.1037,1.2785,15.0831,,,
3220,50,10891,전농우체국앞,3154,2579,33607,1.4402,1.1776,15.3457,,,
3220,51,72144,한솔.우성아파트답십리종합상가,2300,2347,33560,1.0502,1.0717,15.3242,,,
3220,52,74676,답십리2동.두산아파트,1806,2013,33353,0.8247,0.9192,15.2297,,,
3220,53,10969,답십리2동한양아파트앞,1230,950,33633,0.5616,0.4338,15.3575,,,
3220,54,75495,동답한신.대림아파트.동대문체육,255,1235,32653,0.1164,0.5639,14.91,,,
3220,55,74678,동답한신.대림아파트동대문체육관,1820,1396,33077,0.8311,0.6374,15.1037,,,
3220,56,8501506,동답초교.대림아파트앞,1933,1541,33469,0.8826,0.7037,15.2826,,,
3220,57,8002188,동답한신.동아아파트,5167,2208,36428,2.3594,1.0082,16.6338,,,
3220,58,8002189,동아.위더스빌아파트,3905,1586,38747,1.7831,0.7242,17.6927,,,
3220,59,8501437,도시철도공사,1,1330,37418,0.0005,0.6073,17.0858,,,
3220,60,10958,청년회의소,4736,4297,37857,2.1626,1.9621,17.2863,,,
3220,61,8001020,장안평역,10517,3828,44546,4.8023,1.7479,20.3406,,,
3220,62,11268,군자교남단,1255,5221,40580,0.5731,2.384,18.5297,,,
3220,63,8002390,송정동건영아파트,4359,5038,39901,1.9904,2.3005,18.2196,,,
3220,64,11174,송정동서울숲아이파크,4309,4222,39988,1.9676,1.9279,18.2594,,,
3220,65,8001509,화양리,5230,4934,40284,2.3881,2.253,18.3945,,,
3220,66,11287,화양천주교회앞,2800,3441,39643,1.2785,1.5712,18.1018,,,
3220,67,11258,서울화양초등학교,1612,4617,36638,0.7361,2.1082,16.7297,,,
3220,68,11220,건대입구역사거리,10706,7814,39530,4.8886,3.568,18.0502,,,
3220,69,11317,건대후문,16432,4175,51787,7.5032,1.9064,23.647,,,
3220,70,11416,자양초등학교,1906,2605,51088,0.8703,1.1895,23.3279,,,
3220,71,11497,자양사거리,1228,4382,47934,0.5607,2.0009,21.8877,,,
3220,72,11520,광진구청,4449,5542,46841,2.0315,2.5306,21.3886,,,
3220,73,8001126,광진경찰서,2544,4841,44544,1.1616,2.2105,20.3397,,,
3220,74,8002221,구의시장삼거리,2591,6505,40630,1.1831,2.9703,18.5525,,,
3220,75,8002222,올림픽대교북단사거리,1833,4349,38114,0.837,1.9858,17.4037,,,
3220,76,13923,풍납동극동아파트,3881,9197,32798,1.7721,4.1995,14.9763,,,
3220,77,8001414,강동구청역.농협중앙회,993,1528,32263,0.4534,0.6977,14.732,,,
3220,78,8002389,강동구청,5614,2956,34921,2.5635,1.3498,15.9457,,,
3220,79,12012,강동보건소,1998,3254,33665,0.9123,1.4858,15.3721,,,
3220,80,8002391,성내동미주아파트,652,5661,28656,0.2977,2.5849,13.0849,,,
3220,81,8002223,윤선생영어교실앞.삼성SNS,2390,5014,26032,1.0913,2.2895,11.8868,,,
3220,82,8002224,서울체육중.고등학교,66,611,25487,0.0301,0.279,11.6379,,,
3220,83,77168,보성중고등학교,298,1672,24113,0.1361,0.7635,11.0105,,,
3220,84,12139,올림픽공원,2304,3929,22488,1.0521,1.7941,10.2685,,,
3220,85,8002225,올림픽공원테니스장,45,762,21771,0.0205,0.3479,9.9411,,,
3220,86,8002218,오금동대림아파트,1126,4345,18552,0.5142,1.984,8.4712,,,
3220,87,12117,신오금사거리,32,1516,17068,0.0146,0.6922,7.7936,,,
3220,88,8002219,오금동신흥기업종점,2,3264,13806,0.0009,1.4904,6.3041,,,